term,cluster
mlops,mlops
mlop,mlops
ml engineer,mlops
ml engin,mlops
ci,mlops
cd,mlops
automate,mlops
autom,mlops
achitecture,achitecture
achitectur,achitecture
infrastructure,achitecture
infrastructur,achitecture
software architecture,software engineering
software architecture design,software engineering
software architecture quality,software engineering
enterprise architecture,software engineering
architecture,software engineering
software engineering,software engineering
pattern,software engineering
architecting process,software engineering
softwar architectur,software engineering
softwar architectur design,software engineering
softwar architectur qualiti,software engineering
enterpris architectur,software engineering
architectur,software engineering
softwar engin,software engineering
pattern,software engineering
architect process,software engineering
Architecture Framework,software engineering
Architecture Evolution,software engineering
Architectur Framework,software engineering
Architectur Evolut,software engineering
devops,mlops
aiops,mlops
sageops,mlops
dataops,mlops
gitops,mlops
deployment,mlops
model deployment,mlops
workflow,mlops
Workflow Orchestration,mlops
workflow automation,mlops
Workflow Orchestr,mlops
workflow autom,mlops
operations,mlops
best design practices,mlops
main design decisions,mlops
data versioning,mlops
machine learning operations,mlops
continuous development,mlops
automl,mlops
re-training,mlops
devop,mlops
aiop,mlops
sageop,mlops
dataop,mlops
gitop,mlops
deploy,mlops
model deploy,mlops
oper,mlops
best design practic,mlops
main design decis,mlops
data version,mlops
machin learn oper,mlops
continu develop,mlops
automl,mlops
re - train,mlops
analytic pipeline,mlops
Machine Learning Pipeline,mlops
monitoring,mlops
analyt pipelin,mlops
Machin Learn,mlops
Pipelin monitor,mlops
explainable ai,xai/tai
xai,xai/tai
tai,xai/tai
responsible ai,xai/tai
ai ethics,xai/tai
ethical ai,xai/tai
trustworthy ai,xai/tai
fairness,xai/tai
regulation,xai/tai
explainability,xai/tai
robustness,xai/tai
explain ai,xai/tai
respons ai,xai/tai
ai ethic,xai/tai
ethic ai,xai/tai
trustworthi ai,xai/tai
fair,xai/tai
regul,xai/tai
explain,xai/tai
robust,xai/tai
data architecture,data engineering
data lake,data engineering
data warehouse,data engineering
data fabric,data engineering
data mesh,data engineering
data architectur,data engineering
data warehous,data engineering
data pipeline,data engineering
Data Orchestrators,data engineering
data pipelin,data engineering
Data Orchestr,data engineering
cloud-native,cloud
edge,cloud
edge computing,cloud
cloud,cloud
serverless workflow,cloud
serverless,cloud
cloud - nativ,cloud
edg,cloud
edg comput,cloud
cnn,data science
artificial intelligence,data science
predictive maintenance,data science
computer vision,data science
neural network,data science
interpretable deep learning,data science
deep learning,data science
artifici intellig,data science
predict mainten,data science
comput vision,data science
neural network,data science
interpret deep learn,data science
deep learn,data science
quality metrics,data science
Model Decay,data science
Machine Learning,data science
Principal Component Analysis,data science
Model optimization,data science
Dimensionality Reduction,data science
qualiti metric,data science
Model Decay,data science
Machin Learn,data science
Princip Compon Analysi,data science
Model optim,data science
Dimension Reduct,data science
Orchestration,infrastructure
Kubernetes,infrastructure
Docker,infrastructure
Kubeflow,infrastructure
Containerization,infrastructure
Orchestr,infrastructure
Kubernet,infrastructure
Container,infrastructure





